﻿<?xml version='1.0' encoding='UTF-8'?>
<dd:deploy xmlns:dd="http://www.apache.org/ode/schemas/dd/2007/03"><dd:process xmlns:dd="http://www.apache.org/ode/schemas/dd/2007/03" xmlns:diag="http://changeschema.com/ChangeSchema" xmlns:xs="http://www.w3.org/2001/XMLSchema" xmlns:this="http://changeschema.com/ChangeSchema/ChangeSchema" xmlns:Client="http://changeschema.com/ChangeSchema/Client" xmlns:xsi="http://www.w3.org/2001/XMLSchema-instance" name="this:ChangeSchema" fileName="ChangeSchema-ChangeSchema.bpel">
  <dd:property name="PATH">ChangeSchema</dd:property>
  <dd:property name="SVG">ChangeSchema.svg</dd:property>
  <dd:provide partnerLink="changeSchemaAndClientPlkVar">
    <dd:service name="this:CanonicServiceForClient" port="canonicPort"></dd:service>
  </dd:provide>
</dd:process></dd:deploy>